<?xml version='1.0' encoding='utf-8' standalone='yes' ?>
<map>
    <string name="prev_event_name">eventtypehfcomplete</string>
    <long name="prev_event_timestamp" value="1745551704574" />
    <string name="CACHED_CHANNEL">THIRDPARTY</string>
    <int name="appsFlyerInAppEventCount" value="8" />
    <string name="gcd">{&quot;net&quot;:225,&quot;retries&quot;:0}</string>
    <long name="prev_session_dur" value="7" />
    <long name="af_rc_max_age" value="86400" />
    <boolean name="ddl_sent" value="true" />
    <string name="sentSuccessfully">true</string>
    <int name="versionCode" value="2019118105" />
    <string name="af_remote_config">eyJmZWF0dXJlcyI6e30sInZlciI6ImRlZmF1bHQudjEuMTYzNzE0OTUyOSJ9</string>
    <string name="savedProperties">{&quot;uid&quot;:&quot;1745551594266-3570901521759563069&quot;,&quot;logLevel&quot;:&quot;0&quot;}</string>
    <string name="AF_INSTALLATION">1745551594266-3570901521759563069</string>
    <boolean name="afUninstallToken_queued" value="false" />
    <int name="appsFlyerCount" value="1" />
    <long name="af_rc_timestamp" value="1745551594571" />
    <long name="AppsFlyerTimePassedSincePrevLaunch" value="1745551703912" />
    <boolean name="newGPReferrerSent" value="true" />
    <string name="first_launch">{&quot;net&quot;:496,&quot;from_fg&quot;:52,&quot;start_with&quot;:&quot;activity&quot;,&quot;init_to_fg&quot;:33289}</string>
    <string name="appsFlyerFirstInstall">2025-04-25_112634+0800</string>
</map>
