<?xml version='1.0' encoding='utf-8' standalone='yes' ?>
<map>
    <string name="WhitelistVersion">1.1.2</string>
    <int name="2019_JOB_MAX_THREADS" value="1" />
    <string name="unity.player_sessionid">2206747820978368593</string>
    <int name="SDKPlatformType" value="-1" />
    <int name="WhitelistSPMask" value="0" />
    <int name="LauncherLoadingIconCDNMove" value="1" />
    <string name="307_DeletedTag">False</string>
    <int name="APPLICATION_INIT_FAILED_TIMES" value="0" />
    <string name="217005_DeletedTag">False</string>
    <string name="117027_DeletedTag">False</string>
    <int name="HighFPS" value="1" />
    <string name="117037_DeletedTag">False</string>
    <int name="EnableFirebaseCrashlytics" value="1" />
    <string name="304_DeletedTag">False</string>
    <string name="317_DeletedTag">False</string>
    <string name="314_DeletedTag">False</string>
    <string name="117034_DeletedTag">False</string>
    <string name="217002_DeletedTag">False</string>
    <int name="OBB_READ_WRITE_CACHE" value="0" />
    <string name="117031_DeletedTag">False</string>
    <string name="208_DeletedTag">False</string>
    <string name="321_DeletedTag">False</string>
    <string name="311_DeletedTag">False</string>
    <string name="301_DeletedTag">False</string>
    <string name="201_DeletedTag">False</string>
    <int name="GGMES_CACHE_CLOSE" value="0" />
    <string name="20230325_DeletedTag">False</string>
    <string name="298_DeletedTag">False</string>
    <string name="AND_DEV_ID_0">Google%7Cd2145339-d060-43a0-9e74-48df8b3ec3b4</string>
    <string name="202_DeletedTag">False</string>
    <string name="102_DeletedTag">False</string>
    <string name="602_DeletedTag">False</string>
    <int name="USE_APPLICATION_INIT_OPT" value="0" />
    <string name="502_DeletedTag">False</string>
    <string name="244301_DeletedTag">False</string>
    <string name="297_DeletedTag">False</string>
    <int name="APK_READ_WRITE_CACHE" value="0" />
    <string name="20230324_DeletedTag">False</string>
    <int name="SkipGetDefaultExecutionOrder" value="2" />
    <string name="FirstLaunCherVersion">65645</string>
    <int name="HotPath" value="1" />
    <string name="103_DeletedTag">False</string>
    <string name="303_DeletedTag">False</string>
    <int name="Screenmanager%20Resolution%20Height" value="720" />
    <string name="323_DeletedTag">False</string>
    <string name="317002_DeletedTag">False</string>
    <string name="117036_DeletedTag">False</string>
    <string name="117043_DeletedTag">False</string>
    <string name="WhitelistSPInfo"></string>
    <string name="313_DeletedTag">False</string>
    <string name="316_DeletedTag">False</string>
    <string name="326_DeletedTag">False</string>
    <int name="WhitelistMask" value="0" />
    <string name="106_DeletedTag">False</string>
    <string name="SYSTEMFONTS_WHITELIST">%2F</string>
    <string name="503_DeletedTag">False</string>
    <string name="117033_DeletedTag">False</string>
    <string name="WhitelistSPVersion">1.0.0</string>
    <int name="FirebaseCrashlyticsLogTypes" value="1" />
    <string name="601_DeletedTag">False</string>
    <int name="APPLICATION_SIZE_THRESHOLD" value="200" />
    <string name="505_DeletedTag">False</string>
    <int name="APPLICATION_INIT_FAILED_MAX_TIMES" value="4" />
    <string name="305_DeletedTag">False</string>
    <string name="117044_DeletedTag">False</string>
    <string name="SYSTEMFONTS_BLACKLIST">NotoSerifCJK</string>
    <string name="324_DeletedTag">False</string>
    <string name="117035_DeletedTag">False</string>
    <string name="unity.cloud_userid">fde8b9156a37802a2b40616ed2e9e588</string>
    <string name="117025_DeletedTag">False</string>
    <string name="325_DeletedTag">False</string>
    <string name="306_DeletedTag">False</string>
    <string name="105_DeletedTag">False</string>
    <string name="317001_DeletedTag">False</string>
    <int name="APPLICATION_INIT_OPT_STEP" value="9" />
    <string name="506_DeletedTag">False</string>
    <string name="WhitelistInfo"></string>
    <int name="RESMGR_CACHE_CLOSE" value="0" />
    <string name="296_DeletedTag">False</string>
    <int name="Screenmanager%20Resolution%20Width" value="1280" />
    <string name="504_DeletedTag">False</string>
    <string name="Consents_EU">%7B%22Applicability%22%3A0%2C%22Analytics_Storage%22%3Atrue%2C%22Ad_Storage%22%3Atrue%2C%22Ad_UserData%22%3Atrue%2C%22Ad_Personalization%22%3Atrue%7D</string>
    <string name="104_DeletedTag">False</string>
    <string name="9999_DeletedTag">False</string>
    <string name="299_DeletedTag">False</string>
    <string name="328_DeletedTag">False</string>
    <string name="117028_DeletedTag">False</string>
    <string name="117038_DeletedTag">False</string>
    <string name="318_DeletedTag">False</string>
    <int name="IL2CPP_SWITCH" value="-1073699328" />
    <string name="217006_DeletedTag">False</string>
    <string name="308_DeletedTag">False</string>
    <string name="101_DeletedTag">False</string>
    <int name="__UNITY_PLAYERPREFS_VERSION__" value="1" />
    <string name="501_DeletedTag">False</string>
    <int name="AppsFlyerNewInstallPrefKey" value="56" />
    <string name="319_DeletedTag">False</string>
    <string name="322_DeletedTag">False</string>
    <string name="117032_DeletedTag">False</string>
    <string name="398_DeletedTag">False</string>
    <string name="117029_DeletedTag">False</string>
    <string name="117039_DeletedTag">False</string>
    <string name="117042_DeletedTag">False</string>
    <string name="312_DeletedTag">False</string>
    <string name="APPLICATION_LAST_VERSION_CODE">2019118105</string>
    <string name="302_DeletedTag">False</string>
    <string name="244501_DeletedTag">False</string>
    <string name="402_DeletedTag">False</string>
    <int name="CHECK_PD_CACHE_FILE" value="1" />
    <string name="399_DeletedTag">False</string>
    <string name="2202341_DeletedTag">False</string>
    <string name="999_DeletedTag">False</string>
    <int name="SkipGetDefaultExecutionOrderMaxFailedTimes" value="2" />
    <int name="OptPathNameMgrMem" value="2" />
    <string name="217001_DeletedTag">False</string>
    <string name="44101_DeletedTag">False</string>
    <string name="117040_DeletedTag">False</string>
    <int name="VibRateSet_key_2" value="0" />
    <int name="VibRateSet_key_3" value="0" />
    <string name="320_DeletedTag">False</string>
    <int name="VibRateSet_key_0" value="1" />
    <string name="207_DeletedTag">False</string>
    <string name="204_DeletedTag">False</string>
    <int name="VibRateSet_key_1" value="0" />
    <int name="APPLICATION_INIT_OPT_SWITCH" value="1" />
    <int name="VibRateSet_key_6" value="1" />
    <string name="310_DeletedTag">False</string>
    <int name="VibRateSet_key_4" value="0" />
    <string name="295_DeletedTag">False</string>
    <int name="Localization" value="1" />
    <string name="117030_DeletedTag">False</string>
    <int name="PD_CACHE_INIT_FAILED_TIMES" value="0" />
    <string name="unity.player_session_count">2</string>
    <int name="UsedAstcAbOnEtc" value="1" />
    <string name="34201_DeletedTag">False</string>
    <string name="205_DeletedTag">False</string>
    <string name="217003_DeletedTag">False</string>
    <int name="ADJUST_8_CORES_1_BIG" value="1" />
    <string name="294_DeletedTag">False</string>
    <int name="ENABLELOADRESCONFANDLOCEARLY" value="1" />
    <int name="Screenmanager%20Fullscreen%20mode" value="1" />
    <string name="CurrentVersionFolder">1.109</string>
    <int name="EnableFirebase" value="1" />
    <int name="APPLICATION_BLIT_TYPE" value="1" />
    <string name="217004_DeletedTag">False</string>
    <int name="LOADRESCONFEARLYFIRSTSTARTUP" value="1" />
</map>
