<?xml version='1.0' encoding='utf-8' standalone='yes' ?>
<map>
    <long name="first_open_time" value="1745551588507" />
    <string name="gmp_app_id">1:185753624591:android:b5de3850f697ca2a38437a</string>
    <string name="app_instance_id">16d5cd4b39cbd96d4f6294ed3e2d8215</string>
    <boolean name="app_backgrounded" value="true" />
    <long name="health_monitor:start" value="1745551590830" />
    <boolean name="use_service" value="true" />
    <boolean name="deferred_analytics_collection" value="true" />
    <boolean name="has_been_opened" value="true" />
    <string name="health_monitor:value">2WC121000:Service connection failed: -</string>
    <boolean name="allow_remote_dynamite" value="true" />
    <boolean name="start_new_session" value="true" />
    <long name="health_monitor:count" value="1" />
</map>
